{"roc_auc": 0.8533101045296166, "log_loss": 4.999096551692088}